{
  "frozen_baseline": {
    "val_r2": 0.882852,
    "n_updates": 0,
    "time_s": 176.0,
    "day_r2_mean": 0.880593,
    "day_r2_std": 0.016456
  },
  "head_lr1e-05": {
    "val_r2": 0.882604,
    "n_updates": 246585,
    "time_s": 834.4,
    "day_r2_mean": 0.880336,
    "day_r2_std": 0.016483,
    "final_lag_scale": 0.674722
  },
  "head_lr1e-04": {
    "val_r2": 0.881967,
    "n_updates": 246585,
    "time_s": 826.4,
    "day_r2_mean": 0.879642,
    "day_r2_std": 0.017545,
    "final_lag_scale": 0.680849
  },
  "head_lr1e-03": {
    "val_r2": 0.879908,
    "n_updates": 246585,
    "time_s": 815.2,
    "day_r2_mean": 0.877673,
    "day_r2_std": 0.018285,
    "final_lag_scale": 0.724455
  },
  "all_lr1e-06": {
    "val_r2": 0.882815,
    "n_updates": 246585,
    "time_s": 793.6,
    "day_r2_mean": 0.880555,
    "day_r2_std": 0.016437,
    "final_lag_scale": 0.677999
  },
  "all_lr1e-05": {
    "val_r2": 0.882617,
    "n_updates": 246585,
    "time_s": 793.5,
    "day_r2_mean": 0.880345,
    "day_r2_std": 0.016513,
    "final_lag_scale": 0.678642
  },
  "all_lr1e-04": {
    "val_r2": 0.882019,
    "n_updates": 246585,
    "time_s": 792.6,
    "day_r2_mean": 0.879643,
    "day_r2_std": 0.017787,
    "final_lag_scale": 0.687884
  },
  "lag_ema_0.01": {
    "val_r2": 0.857672,
    "n_updates": 0,
    "time_s": 243.0,
    "day_r2_mean": 0.855661,
    "day_r2_std": 0.016793
  },
  "lag_ema_0.05": {
    "val_r2": 0.855536,
    "n_updates": 0,
    "time_s": 243.1,
    "day_r2_mean": 0.853721,
    "day_r2_std": 0.017746
  },
  "lag_ema_0.1": {
    "val_r2": 0.850157,
    "n_updates": 0,
    "time_s": 239.0,
    "day_r2_mean": 0.848448,
    "day_r2_std": 0.025041
  }
}