{
  "feature_target_corr": {
    "feature_00": 0.004443881567567587,
    "feature_01": -0.011560031212866306,
    "feature_02": 0.006691898684948683,
    "feature_03": 0.005205226596444845,
    "feature_04": -0.03160712122917175,
    "feature_05": -0.016262520104646683,
    "feature_06": -0.0467442162334919,
    "feature_07": -0.030210189521312714,
    "feature_08": 0.009209183976054192,
    "feature_09": 2.989895801874809e-05,
    "feature_10": -0.0010612356709316373,
    "feature_11": -0.00015026687469799072,
    "feature_12": -0.008059599436819553,
    "feature_13": 0.006091018207371235,
    "feature_14": -0.0023462797980755568,
    "feature_15": 0.004442073404788971,
    "feature_16": 0.0051797558553516865,
    "feature_17": 0.005676679778844118,
    "feature_18": 0.002484201453626156,
    "feature_19": -0.013999192044138908,
    "feature_20": -0.0012268155114725232,
    "feature_21": -0.0012054243125021458,
    "feature_22": -0.0016141538508236408,
    "feature_23": -0.00015936845738906413,
    "feature_24": -0.0009670169092714787,
    "feature_25": -0.002153598004952073,
    "feature_26": 0.0015858850674703717,
    "feature_27": -0.0003052816609852016,
    "feature_28": -0.0006664026295766234,
    "feature_29": 0.0010643283603712916,
    "feature_30": 0.0007596772047691047,
    "feature_31": -0.001523160608485341,
    "feature_32": 0.004036771133542061,
    "feature_33": -0.008437306620180607,
    "feature_34": 0.006959917955100536,
    "feature_35": 0.005698919761925936,
    "feature_36": -0.023114560171961784,
    "feature_37": 0.0030198378954082727,
    "feature_38": 0.0019502697978168726,
    "feature_39": -0.00505799101665616,
    "feature_40": 0.006912680808454752,
    "feature_41": 0.002693974180147052,
    "feature_42": -0.002357989316806197,
    "feature_43": 0.00367725919932127,
    "feature_44": 0.0006963550113141537,
    "feature_45": -0.016852756962180138,
    "feature_46": -0.0050379009917378426,
    "feature_47": 0.005040841177105904,
    "feature_48": 0.0005723936483263969,
    "feature_49": 0.007384707219898701,
    "feature_50": -0.0007167543517425656,
    "feature_51": 0.015235161408782005,
    "feature_52": 0.007923600263893604,
    "feature_53": 0.0033197575248777866,
    "feature_54": 0.01153511181473732,
    "feature_55": 0.007501496002078056,
    "feature_56": -0.016491170972585678,
    "feature_57": -0.0028266282752156258,
    "feature_58": 0.01225991453975439,
    "feature_59": 0.01273390930145979,
    "feature_60": 0.018877791240811348,
    "feature_61": -0.0020901854149997234,
    "feature_62": 0.0016776899574324489,
    "feature_63": 0.0001670381607254967,
    "feature_64": 0.0003309746098238975,
    "feature_65": 0.0014856033958494663,
    "feature_66": -0.013082658872008324,
    "feature_67": -0.00674866558983922,
    "feature_68": 0.008475068025290966,
    "feature_69": -0.0011568769114091992,
    "feature_70": -0.009062173776328564,
    "feature_71": 0.0010724563617259264,
    "feature_72": -0.00356474332511425,
    "feature_73": -0.0003860653378069401,
    "feature_74": 3.9423674024874344e-05,
    "feature_75": 0.0015590072143822908,
    "feature_76": 0.0019409394590184093,
    "feature_77": 0.00019075325690209866,
    "feature_78": 0.0007516068289987743
  },
  "correlation_stability": {
    "feature_00": {
      "early": 0.005099,
      "late": 0.004424,
      "diff": 0.000675,
      "sign_consistent": true
    },
    "feature_01": {
      "early": -0.013638,
      "late": -0.01068,
      "diff": 0.002959,
      "sign_consistent": true
    },
    "feature_02": {
      "early": 0.00843,
      "late": 0.006341,
      "diff": 0.002089,
      "sign_consistent": true
    },
    "feature_03": {
      "early": 0.006242,
      "late": 0.005066,
      "diff": 0.001176,
      "sign_consistent": true
    },
    "feature_04": {
      "early": -0.03467,
      "late": -0.030253,
      "diff": 0.004417,
      "sign_consistent": true
    },
    "feature_05": {
      "early": -0.020723,
      "late": -0.013535,
      "diff": 0.007188,
      "sign_consistent": true
    },
    "feature_06": {
      "early": -0.058354,
      "late": -0.040374,
      "diff": 0.01798,
      "sign_consistent": true
    },
    "feature_07": {
      "early": -0.037587,
      "late": -0.026058,
      "diff": 0.011529,
      "sign_consistent": true
    },
    "feature_08": {
      "early": 0.012838,
      "late": 0.006815,
      "diff": 0.006023,
      "sign_consistent": true
    },
    "feature_09": {
      "early": 0.000661,
      "late": -0.00038,
      "diff": 0.001041,
      "sign_consistent": false
    },
    "feature_10": {
      "early": -0.002165,
      "late": -0.000467,
      "diff": 0.001698,
      "sign_consistent": true
    },
    "feature_11": {
      "early": 0.001367,
      "late": -0.001128,
      "diff": 0.002495,
      "sign_consistent": false
    },
    "feature_12": {
      "early": -0.003629,
      "late": -0.010775,
      "diff": 0.007146,
      "sign_consistent": true
    },
    "feature_13": {
      "early": 0.012602,
      "late": 0.001426,
      "diff": 0.011176,
      "sign_consistent": true
    },
    "feature_14": {
      "early": 0.00548,
      "late": -0.007277,
      "diff": 0.012757,
      "sign_consistent": false
    },
    "feature_15": {
      "early": 0.000974,
      "late": 0.007717,
      "diff": 0.006743,
      "sign_consistent": true
    },
    "feature_16": {
      "early": -0.000352,
      "late": 0.010242,
      "diff": 0.010594,
      "sign_consistent": false
    },
    "feature_17": {
      "early": 0.000423,
      "late": 0.010334,
      "diff": 0.009911,
      "sign_consistent": true
    },
    "feature_18": {
      "early": 0.008439,
      "late": -0.001219,
      "diff": 0.009658,
      "sign_consistent": false
    },
    "feature_19": {
      "early": -0.017393,
      "late": -0.012033,
      "diff": 0.00536,
      "sign_consistent": true
    },
    "feature_20": {
      "early": 0.001441,
      "late": -0.003337,
      "diff": 0.004777,
      "sign_consistent": false
    },
    "feature_21": {
      "early": -0.00037,
      "late": -0.002912,
      "diff": 0.002542,
      "sign_consistent": true
    },
    "feature_22": {
      "early": 1.9e-05,
      "late": -0.002663,
      "diff": 0.002683,
      "sign_consistent": false
    },
    "feature_23": {
      "early": 0.001084,
      "late": -0.001041,
      "diff": 0.002125,
      "sign_consistent": false
    },
    "feature_24": {
      "early": 0.001227,
      "late": -0.001849,
      "diff": 0.003077,
      "sign_consistent": false
    },
    "feature_25": {
      "early": 0.000181,
      "late": -0.003626,
      "diff": 0.003807,
      "sign_consistent": false
    },
    "feature_26": {
      "early": -0.000155,
      "late": 0.002035,
      "diff": 0.00219,
      "sign_consistent": false
    },
    "feature_27": {
      "early": -0.001492,
      "late": 7e-06,
      "diff": 0.001499,
      "sign_consistent": false
    },
    "feature_28": {
      "early": 0.000561,
      "late": -0.001439,
      "diff": 0.002,
      "sign_consistent": false
    },
    "feature_29": {
      "early": 0.002186,
      "late": 9.3e-05,
      "diff": 0.002093,
      "sign_consistent": true
    },
    "feature_30": {
      "early": 0.00151,
      "late": 0.000125,
      "diff": 0.001385,
      "sign_consistent": true
    },
    "feature_31": {
      "early": -0.00042,
      "late": -0.003163,
      "diff": 0.002744,
      "sign_consistent": true
    },
    "feature_32": {
      "early": 0.001628,
      "late": 0.005519,
      "diff": 0.003891,
      "sign_consistent": true
    },
    "feature_33": {
      "early": -0.005372,
      "late": -0.010607,
      "diff": 0.005235,
      "sign_consistent": true
    },
    "feature_34": {
      "early": 0.004343,
      "late": 0.008701,
      "diff": 0.004359,
      "sign_consistent": true
    },
    "feature_35": {
      "early": 0.003855,
      "late": 0.006993,
      "diff": 0.003138,
      "sign_consistent": true
    },