{
  "lags_structure": {
    "shape": [
      39,
      12
    ],
    "columns": [
      "date_id",
      "time_id",
      "symbol_id",
      "responder_0_lag_1",
      "responder_1_lag_1",
      "responder_2_lag_1",
      "responder_3_lag_1",
      "responder_4_lag_1",
      "responder_5_lag_1",
      "responder_6_lag_1",
      "responder_7_lag_1",
      "responder_8_lag_1"
    ],
    "dtypes": [
      "Int16",
      "Int16",
      "Int8",
      "Float32",
      "Float32",
      "Float32",
      "Float32",
      "Float32",
      "Float32",
      "Float32",
      "Float32",
      "Float32"
    ],
    "head": [
      {
        "date_id": 0,
        "time_id": 0,
        "symbol_id": 0,
        "responder_0_lag_1": -0.4422152638435364,
        "responder_1_lag_1": -0.32240673899650574,
        "responder_2_lag_1": 0.14359420537948608,
        "responder_3_lag_1": -0.9268901348114014,
        "responder_4_lag_1": -0.7822362184524536,
        "responder_5_lag_1": -0.03659500181674957,
        "responder_6_lag_1": -1.30574631690979,
        "responder_7_lag_1": -0.7956767082214355,
        "responder_8_lag_1": -0.1437235176563263
      },
      {
        "date_id": 0,
        "time_id": 0,
        "symbol_id": 1,
        "responder_0_lag_1": -0.6518288254737854,
        "responder_1_lag_1": -1.7078404426574707,
        "responder_2_lag_1": -0.8939420580863953,
        "responder_3_lag_1": -1.065488338470459,
        "responder_4_lag_1": -1.8713377714157104,
        "responder_5_lag_1": -0.6156519651412964,
        "responder_6_lag_1": -1.162800669670105,
        "responder_7_lag_1": -1.2059236764907837,
        "responder_8_lag_1": -1.2459344863891602
      },
      {
        "date_id": 0,
        "time_id": 0,
        "symbol_id": 2,
        "responder_0_lag_1": -0.6563727855682373,
        "responder_1_lag_1": -0.2645750939846039,
        "responder_2_lag_1": -0.8928787708282471,
        "responder_3_lag_1": -1.5118860006332397,
        "responder_4_lag_1": -1.0334795713424683,
        "responder_5_lag_1": -0.3782651722431183,
        "responder_6_lag_1": -1.5742900371551514,
        "responder_7_lag_1": -1.863071084022522,
        "responder_8_lag_1": -0.027342941612005234
      },
      {
        "date_id": 0,
        "time_id": 0,
        "symbol_id": 3,
        "responder_0_lag_1": -0.18818619847297668,
        "responder_1_lag_1": -0.1909700334072113,
        "responder_2_lag_1": -0.7014895081520081,
        "responder_3_lag_1": 0.0984533503651619,
        "responder_4_lag_1": -1.015506386756897,
        "responder_5_lag_1": -0.05498422682285309,
        "responder_6_lag_1": 0.32915231585502625,
        "responder_7_lag_1": -0.9654713869094849,
        "responder_8_lag_1": 0.5766354203224182
      },
      {
        "date_id": 0,
        "time_id": 0,
        "symbol_id": 4,
        "responder_0_lag_1": -0.25746238231658936,
        "responder_1_lag_1": -0.47132548689842224,
        "responder_2_lag_1": -0.2974199652671814,
        "responder_3_lag_1": 0.07401804625988007,
        "responder_4_lag_1": -0.3241940140724182,
        "responder_5_lag_1": -0.5970928072929382,
        "responder_6_lag_1": 0.21985556185245514,
        "responder_7_lag_1": -0.2763555347919464,
        "responder_8_lag_1": -0.9047895669937134
      }
    ]
  },
  "lag_target_correlations": {
    "lag1_responder_0": {
      "mean_corr": -0.092376,
      "std_corr": 0.082654,
      "n_days": 100
    },
    "lag1_responder_1": {
      "mean_corr": -0.04899,
      "std_corr": 0.051341,
      "n_days": 100
    },
    "lag1_responder_2": {
      "mean_corr": -0.030374,
      "std_corr": 0.029068,
      "n_days": 100
    },
    "lag1_responder_3": {
      "mean_corr": 0.764101,
      "std_corr": 0.145591,
      "n_days": 100
    },
    "lag1_responder_4": {
      "mean_corr": 0.361803,
      "std_corr": 0.068002,
      "n_days": 100
    },
    "lag1_responder_5": {
      "mean_corr": 0.266439,
      "std_corr": 0.04439,
      "n_days": 100
    },
    "lag1_responder_6": {
      "mean_corr": 0.897625,
      "std_corr": 0.010709,
      "n_days": 100
    },
    "lag1_responder_7": {
      "mean_corr": 0.42108,
      "std_corr": 0.026561,
      "n_days": 100
    },
    "lag1_responder_8": {
      "mean_corr": 0.313193,
      "std_corr": 0.020562,
      "n_days": 100
    }
  },
  "naive_baseline": {
    "validation_dates": "1189-1443",
    "n_rows": 9386657,
    "r2_predict_zero": 0.0,
    "r2_predict_lag1": 0.80163114,
    "r2_predict_scaled_lag1": 0.81147161,
    "optimal_scale": 0.900803
  }
}