{
  "residual_gru": {
    "val_r2": 0.8554511815309525,
    "train_r2": 0.8580544143915176,
    "best_epoch": 7,
    "train_time": 339.8790476322174,
    "infer_ms": 0.3494250774383545,
    "n_params": 179969,
    "residual_std_train": 0.38471728563308716,
    "residual_std_val": 0.3775709271430969
  }
}