{
  "mlp_baseline": {
    "val_r2": 0.8589968234300613,
    "train_r2": 0.8637683987617493,
    "best_epoch": 6,
    "train_time": 1224.039500951767,
    "infer_ms": 0.46639037132263184,
    "n_params": 115457
  },
  "mlp_lag_residual": {
    "val_r2": 0.8611516356468201,
    "train_r2": 0.8655535280704498,
    "best_epoch": 8,
    "train_time": 1437.3590097427368,
    "infer_ms": 3.549656867980957,
    "n_params": 115459
  },
  "multitask_mlp": {
    "val_r2": 0.8616678565740585,
    "train_r2": 0.8658942580223083,
    "best_epoch": 12,
    "train_time": 2517.9271636009216,
    "infer_ms": 0.6072800159454346,
    "n_params": 148228
  },
  "gru_lag_residual": {
    "val_r2": 0.8828511908650398,
    "train_r2": 0.8866556957364082,
    "best_epoch": 7,
    "train_time": 303.70903491973877,
    "infer_ms": 0.37204647064208984,
    "n_params": 179971
  }
}